clip_id,drive_file_id,file,date_shot,subjects,shot_type,usable_seconds,rights_consent_evidence,times_used,last_used,drive_folder,notes
SSD-0001,,Client Moments/IMG_1552.MOV,2026-03-22,Staff member beside a car greets a light-colored dog on a leash.,b roll,7,own staff/home; signed waivers confirmed by Alex,0,,SSD,"duration=20.508s; stored_resolution=3840x2160; fps=123000/2051; rotation=-90; embedded_creation_time=2026-03-22T22:08:00.000000Z; contact_sheet=SSD-0001.jpg; sampled at 10%,35%,60%,85%. Usable seconds are a conservative visual estimate from sampled frames, not measured continuous steady/focused duration. Arrival or departure direction cannot be determined."
SSD-0002,,Client Moments/IMG_1553.MOV,2026-03-22,Staff member bends to greet a light-colored dog beside a parked car.,b roll,4,own staff/home; signed waivers confirmed by Alex,0,,SSD,"duration=10.087s; stored_resolution=3840x2160; fps=363000/6053; rotation=-90; embedded_creation_time=2026-03-22T22:08:29.000000Z; contact_sheet=SSD-0002.jpg; sampled at 10%,35%,60%,85%. Usable seconds are a conservative visual estimate from sampled frames, not measured continuous steady/focused duration. Arrival or departure direction cannot be determined."
SSD-0003,,Client Moments/IMG_1554.MOV,2026-03-22,Two staff members with a light-colored dog and tote bag beside a car.,b roll,5,own staff/home; signed waivers confirmed by Alex,0,,SSD,"duration=10.988s; stored_resolution=3840x2160; fps=395400/6593; rotation=-90; embedded_creation_time=2026-03-22T22:08:58.000000Z; contact_sheet=SSD-0003.jpg; sampled at 10%,35%,60%,85%. Usable seconds are a conservative visual estimate from sampled frames, not measured continuous steady/focused duration. Arrival or departure direction cannot be determined."
SSD-0004,,Client Moments/IMG_1555.MOV,2026-03-22,Staff member crouches to pet a light-colored dog; another staff member stands beside the car.,b roll,8,own staff/home; signed waivers confirmed by Alex,0,,SSD,"duration=23.560s; stored_resolution=3840x2160; fps=847800/14137; rotation=-90; embedded_creation_time=2026-03-22T22:09:31.000000Z; contact_sheet=SSD-0004.jpg; sampled at 10%,35%,60%,85%. Usable seconds are a conservative visual estimate from sampled frames, not measured continuous steady/focused duration. Arrival or departure direction cannot be determined."
SSD-0005,,Client Moments/IMG_1556.MOV,2026-03-22,Light-colored dog receives petting from staff beside a parked car.,dog close up,6,own staff/home; signed waivers confirmed by Alex,0,,SSD,"duration=19.142s; stored_resolution=3840x2160; fps=137760/2297; rotation=-90; embedded_creation_time=2026-03-22T22:10:10.000000Z; contact_sheet=SSD-0005.jpg; sampled at 10%,35%,60%,85%. Usable seconds are a conservative visual estimate from sampled frames, not measured continuous steady/focused duration. Close framing and camera movement; inspect selected segment before editing."
SSD-0006,,Facility & Environment/IMG_1536.MOV,2026-03-22,Grassy fenced yard with trees and a storage shed.,yard,5,own staff/home; signed waivers confirmed by Alex,0,,SSD,"duration=9.203s; stored_resolution=3840x2160; fps=110400/1841; rotation=-90; embedded_creation_time=2026-03-22T21:48:21.000000Z; contact_sheet=SSD-0006.jpg; sampled at 10%,35%,60%,85%. Usable seconds are a conservative visual estimate from sampled frames, not measured continuous steady/focused duration. Wide outdoor establishing view."
SSD-0007,,Facility & Environment/IMG_1537.MOV,2026-03-22,"Grassy fenced yard, shade trees and storage shed.",yard,4,own staff/home; signed waivers confirmed by Alex,0,,SSD,"duration=7.352s; stored_resolution=3840x2160; fps=66150/1103; rotation=-90; embedded_creation_time=2026-03-22T21:49:11.000000Z; contact_sheet=SSD-0007.jpg; sampled at 10%,35%,60%,85%. Usable seconds are a conservative visual estimate from sampled frames, not measured continuous steady/focused duration. Wide outdoor establishing view."
SSD-0008,,Facility & Environment/IMG_1538.MOV,2026-03-22,"Grass yard with trees, fence and small play structure.",yard,3,own staff/home; signed waivers confirmed by Alex,0,,SSD,"duration=5.352s; stored_resolution=3840x2160; fps=192600/3211; rotation=-90; embedded_creation_time=2026-03-22T21:49:31.000000Z; contact_sheet=SSD-0008.jpg; sampled at 10%,35%,60%,85%. Usable seconds are a conservative visual estimate from sampled frames, not measured continuous steady/focused duration. Outdoor camera pan."
SSD-0009,,Facility & Environment/IMG_1540.MOV,2026-03-22,"Fenced swimming pool, paved patio, palms and outdoor furniture.",yard,5,own staff/home; signed waivers confirmed by Alex,0,,SSD,"duration=10.472s; stored_resolution=3840x2160; fps=376800/6283; rotation=-90; embedded_creation_time=2026-03-22T21:51:14.000000Z; contact_sheet=SSD-0009.jpg; sampled at 10%,35%,60%,85%. Usable seconds are a conservative visual estimate from sampled frames, not measured continuous steady/focused duration. Pool area establishing view."
SSD-0010,,Facility & Environment/IMG_1541.MOV,2026-03-22,"Outdoor seating, small playhouse, trees and paved garden path.",yard,6,own staff/home; signed waivers confirmed by Alex,0,,SSD,"duration=16.890s; stored_resolution=3840x2160; fps=121560/2027; rotation=-90; embedded_creation_time=2026-03-22T21:51:32.000000Z; contact_sheet=SSD-0010.jpg; sampled at 10%,35%,60%,85%. Usable seconds are a conservative visual estimate from sampled frames, not measured continuous steady/focused duration. Moving camera and sun glare."
SSD-0011,,Facility & Environment/IMG_1543.MOV,2026-03-22,Fenced swimming pool and surrounding paved patio with trees.,yard,8,own staff/home; signed waivers confirmed by Alex,0,,SSD,"duration=16.582s; stored_resolution=3840x2160; fps=596400/9949; rotation=-90; embedded_creation_time=2026-03-22T21:52:13.000000Z; contact_sheet=SSD-0011.jpg; sampled at 10%,35%,60%,85%. Usable seconds are a conservative visual estimate from sampled frames, not measured continuous steady/focused duration. Pool area establishing view."
SSD-0012,,Facility & Environment/IMG_1544.MOV,2026-03-22,Covered patio looking toward fenced pool and paved deck.,yard,2,own staff/home; signed waivers confirmed by Alex,0,,SSD,"duration=4.353s; stored_resolution=3840x2160; fps=39150/653; rotation=-90; embedded_creation_time=2026-03-22T21:53:28.000000Z; contact_sheet=SSD-0012.jpg; sampled at 10%,35%,60%,85%. Usable seconds are a conservative visual estimate from sampled frames, not measured continuous steady/focused duration. Short moving view."
SSD-0013,,Facility & Environment/IMG_1545.MOV,2026-03-22,Camera moves from covered patio toward fenced swimming pool.,yard,4,own staff/home; signed waivers confirmed by Alex,0,,SSD,"duration=14.013s; stored_resolution=3840x2160; fps=63000/1051; rotation=-90; embedded_creation_time=2026-03-22T21:53:39.000000Z; contact_sheet=SSD-0013.jpg; sampled at 10%,35%,60%,85%. Usable seconds are a conservative visual estimate from sampled frames, not measured continuous steady/focused duration. Tilted moving framing; select steadier portions."
SSD-0014,,Facility & Environment/IMG_1546.MOV,2026-03-22,"Covered patio, fenced pool, chairs and sliding doorway.",yard,4,own staff/home; signed waivers confirmed by Alex,0,,SSD,"duration=13.128s; stored_resolution=3840x2160; fps=78700/1313; rotation=-90; embedded_creation_time=2026-03-22T21:54:29.000000Z; contact_sheet=SSD-0014.jpg; sampled at 10%,35%,60%,85%. Usable seconds are a conservative visual estimate from sampled frames, not measured continuous steady/focused duration. Tilted moving framing; select steadier portions."
SSD-0015,,Facility & Environment/IMG_1547.MOV,2026-03-22,Covered patio and pool area; staff member crosses the patio.,yard,4,own staff/home; signed waivers confirmed by Alex,0,,SSD,"duration=8.242s; stored_resolution=3840x2160; fps=59280/989; rotation=-90; embedded_creation_time=2026-03-22T21:54:48.000000Z; contact_sheet=SSD-0015.jpg; sampled at 10%,35%,60%,85%. Usable seconds are a conservative visual estimate from sampled frames, not measured continuous steady/focused duration. Brief person crossing frame."
SSD-0016,,Facility & Environment/IMG_1557.MOV,2026-03-22,Light-colored dog moves between indoor doorway and covered patio near staff.,b roll,3,own staff/home; signed waivers confirmed by Alex,0,,SSD,"duration=13.105s; stored_resolution=3840x2160; fps=58950/983; rotation=-90; embedded_creation_time=2026-03-22T22:11:12.000000Z; contact_sheet=SSD-0016.jpg; sampled at 10%,35%,60%,85%. Usable seconds are a conservative visual estimate from sampled frames, not measured continuous steady/focused duration. Fast reframing and very close fur in final sample."
SSD-0017,,Human-Dog Interaction/C4770.MP4,2025-12-01,Several dogs run across a grassy yard near a staff member.,play,12,own staff/home; signed waivers confirmed by Alex,0,,SSD,"duration=91.091s; stored_resolution=3840x2160; fps=24000/1001; rotation=0; embedded_creation_time=2025-12-01T14:54:29.000000Z; contact_sheet=SSD-0017.jpg; sampled at 10%,35%,60%,85%. Usable seconds are a conservative visual estimate from sampled frames, not measured continuous steady/focused duration. Long clip with changing framing; sparse samples do not validate whole duration."
SSD-0018,,Human-Dog Interaction/C4771.MP4,2025-12-01,Staff member crouches and pets a light-colored dog beside a hedge.,b roll,9,own staff/home; signed waivers confirmed by Alex,0,,SSD,"duration=22.523s; stored_resolution=3840x2160; fps=24000/1001; rotation=0; embedded_creation_time=2025-12-01T14:56:51.000000Z; contact_sheet=SSD-0018.jpg; sampled at 10%,35%,60%,85%. Usable seconds are a conservative visual estimate from sampled frames, not measured continuous steady/focused duration. Dog moves out of close interaction toward end."
SSD-0019,,Human-Dog Interaction/C4772.MP4,2025-12-01,Dogs move between grassy yard and poolside gate near a staff member.,play,12,own staff/home; signed waivers confirmed by Alex,0,,SSD,"duration=47.547s; stored_resolution=3840x2160; fps=24000/1001; rotation=0; embedded_creation_time=2025-12-01T14:58:38.000000Z; contact_sheet=SSD-0019.jpg; sampled at 10%,35%,60%,85%. Usable seconds are a conservative visual estimate from sampled frames, not measured continuous steady/focused duration. Wide framing with distant subjects in several samples."
SSD-0020,,Human-Dog Interaction/C4773.MP4,2025-12-01,Staff member crouches and pets a light-colored dog on paved poolside patio.,b roll,14,own staff/home; signed waivers confirmed by Alex,0,,SSD,"duration=43.043s; stored_resolution=3840x2160; fps=24000/1001; rotation=0; embedded_creation_time=2025-12-01T15:05:42.000000Z; contact_sheet=SSD-0020.jpg; sampled at 10%,35%,60%,85%. Usable seconds are a conservative visual estimate from sampled frames, not measured continuous steady/focused duration. Dog and staff interaction from a low angle."
SSD-0021,,Human-Dog Interaction/C4774.MP4,2025-12-01,Brown dog explores paved poolside walkway and planted area.,b roll,8,own staff/home; signed waivers confirmed by Alex,0,,SSD,"duration=25.526s; stored_resolution=3840x2160; fps=24000/1001; rotation=0; embedded_creation_time=2025-12-01T15:06:43.000000Z; contact_sheet=SSD-0021.jpg; sampled at 10%,35%,60%,85%. Usable seconds are a conservative visual estimate from sampled frames, not measured continuous steady/focused duration. Dog partly leaves framing in samples."
SSD-0022,,Human-Dog Interaction/C4828.MP4,2025-12-11,Several dogs walk and sniff around palm trees and paved path.,b roll,12,own staff/home; signed waivers confirmed by Alex,0,,SSD,"duration=67.067s; stored_resolution=1920x1080; fps=60000/1001; rotation=0; embedded_creation_time=2025-12-11T17:26:54.000000Z; contact_sheet=SSD-0022.jpg; sampled at 10%,35%,60%,85%. Usable seconds are a conservative visual estimate from sampled frames, not measured continuous steady/focused duration. Subjects move through changing framing."
SSD-0023,,Human-Dog Interaction/C4837.MP4,2025-12-12,Dogs run and gather in a grassy yard near a staff member and play structure.,play,15,own staff/home; signed waivers confirmed by Alex,0,,SSD,"duration=132.132s; stored_resolution=1920x1080; fps=60000/1001; rotation=0; embedded_creation_time=2025-12-12T21:01:04.000000Z; contact_sheet=SSD-0023.jpg; sampled at 10%,35%,60%,85%. Usable seconds are a conservative visual estimate from sampled frames, not measured continuous steady/focused duration. Exact byte duplicate of SSD-0034 verified with SHA-256; keep separate file row but treat as same source for reuse. Long moving take."
SSD-0024,,Human-Dog Interaction/C4843.MP4,2025-12-12,Dogs on patio and grassy yard; camera turns sideways toward a hand near the end.,b roll,8,own staff/home; signed waivers confirmed by Alex,0,,SSD,"duration=60.560s; stored_resolution=3840x2160; fps=24000/1001; rotation=0; embedded_creation_time=2025-12-12T21:06:16.000000Z; contact_sheet=SSD-0024.jpg; sampled at 10%,35%,60%,85%. Usable seconds are a conservative visual estimate from sampled frames, not measured continuous steady/focused duration. Large rotation and reframing; use limited steadier portions."
SSD-0025,,Human-Dog Interaction/C4844.MP4,2025-12-12,Dogs approach and follow a staff member through grassy yard.,play,10,own staff/home; signed waivers confirmed by Alex,0,,SSD,"duration=33.533s; stored_resolution=3840x2160; fps=24000/1001; rotation=0; embedded_creation_time=2025-12-12T21:08:18.000000Z; contact_sheet=SSD-0025.jpg; sampled at 10%,35%,60%,85%. Usable seconds are a conservative visual estimate from sampled frames, not measured continuous steady/focused duration. Low outdoor camera angle."
SSD-0026,,Human-Dog Interaction/Dogs_BorderCollieGoldenPoodlePlay_08.MOV,2025-12-18,Several dogs move around paved patio and trees.,play,7,own staff/home; signed waivers confirmed by Alex,0,,SSD,"duration=22.200s; stored_resolution=1920x1080; fps=399600/13321; rotation=-90; embedded_creation_time=2025-12-18T14:57:16.000000Z; contact_sheet=SSD-0026.jpg; sampled at 10%,35%,60%,85%. Usable seconds are a conservative visual estimate from sampled frames, not measured continuous steady/focused duration. Changing close and wide framing."
SSD-0027,,Human-Dog Interaction/HumanCat_WorkerPettingCat_01.mov,2026-02-09,Gray cat on indoor bedding receives head petting from a hand.,b roll,8,own staff/home; signed waivers confirmed by Alex,0,,SSD,"duration=15.268s; stored_resolution=1920x1080; fps=3728/127; rotation=-90; embedded_creation_time=2026-02-09T20:59:47.000000Z; contact_sheet=SSD-0027.jpg; sampled at 10%,35%,60%,85%. Usable seconds are a conservative visual estimate from sampled frames, not measured continuous steady/focused duration. Cat close-up; no breed inferred."
SSD-0028,,Human-Dog Interaction/HumanCat_WorkerPettingCat_03.MOV,2025-12-13,Black-and-white cat on indoor bedding receives cheek petting.,b roll,3,own staff/home; signed waivers confirmed by Alex,0,,SSD,"duration=5.535s; stored_resolution=1920x1080; fps=33200/1107; rotation=-90; embedded_creation_time=2025-12-13T01:31:25.000000Z; contact_sheet=SSD-0028.jpg; sampled at 10%,35%,60%,85%. Usable seconds are a conservative visual estimate from sampled frames, not measured continuous steady/focused duration. Cat close-up; no breed inferred."
SSD-0029,,Human-Dog Interaction/HumanDog_WorkerBellyRubGoldenDoodle_0.MOV,2025-12-23,Small curly brown dog receives belly and chest petting on patio.,dog close up,3,own staff/home; signed waivers confirmed by Alex,0,,SSD,"duration=5.667s; stored_resolution=1920x1080; fps=30/1; rotation=-90; embedded_creation_time=2025-12-23T15:05:51.000000Z; contact_sheet=SSD-0029.jpg; sampled at 10%,35%,60%,85%. Usable seconds are a conservative visual estimate from sampled frames, not measured continuous steady/focused duration. Top-down close-up."
SSD-0030,,Human-Dog Interaction/HumanDog_WorkerPettingDachshund_06.MOV,2025-05-08,Small brown dog and light-colored dog gather around staff legs and hands on patio.,b roll,5,own staff/home; signed waivers confirmed by Alex,0,,SSD,"duration=15.437s; stored_resolution=1920x1080; fps=138900/4631; rotation=-90; embedded_creation_time=2025-05-08T12:49:29.000000Z; contact_sheet=SSD-0030.jpg; sampled at 10%,35%,60%,85%. Usable seconds are a conservative visual estimate from sampled frames, not measured continuous steady/focused duration. Top-down changing framing."
SSD-0031,,Human-Dog Interaction/HumanDog_WorkerSoothingNewDog_03.mov,2025-12-05,Seated staff member pets and leans toward a brown-and-white dog beside a sofa.,b roll,3,own staff/home; signed waivers confirmed by Alex,0,,SSD,"duration=6.540s; stored_resolution=3840x2160; fps=24/1; rotation=-90; embedded_creation_time=2025-12-05T17:10:46.000000Z; contact_sheet=SSD-0031.jpg; sampled at 10%,35%,60%,85%. Usable seconds are a conservative visual estimate from sampled frames, not measured continuous steady/focused duration. Indoor interaction."
SSD-0032,,Human-Dog Interaction/IMG_1535.MOV,2026-03-22,Light-colored dog runs across lawn and receives petting from a staff member.,play,12,own staff/home; signed waivers confirmed by Alex,0,,SSD,"duration=50.040s; stored_resolution=3840x2160; fps=75025/1251; rotation=-90; embedded_creation_time=2026-03-22T21:46:34.000000Z; contact_sheet=SSD-0032.jpg; sampled at 10%,35%,60%,85%. Usable seconds are a conservative visual estimate from sampled frames, not measured continuous steady/focused duration. Sun glare and changing framing."
SSD-0033,,Human-Dog Interaction/IMG_1539.MOV,2026-03-22,Dogs run across grassy fenced yard toward camera.,play,10,own staff/home; signed waivers confirmed by Alex,0,,SSD,"duration=33.865s; stored_resolution=3840x2160; fps=406200/6773; rotation=-90; embedded_creation_time=2026-03-22T21:49:41.000000Z; contact_sheet=SSD-0033.jpg; sampled at 10%,35%,60%,85%. Usable seconds are a conservative visual estimate from sampled frames, not measured continuous steady/focused duration. Wide yard view with distant subjects."
SSD-0034,,Pets — Behavior & Emotion/Broll-001.MP4,2025-12-12,Dogs run and gather in grassy yard near staff and play structure; pool establishing view.,play,15,own staff/home; signed waivers confirmed by Alex,0,,SSD,"duration=132.132s; stored_resolution=1920x1080; fps=60000/1001; rotation=0; embedded_creation_time=2025-12-12T21:01:04.000000Z; contact_sheet=SSD-0034.jpg; sampled at 10%,35%,60%,85%. Usable seconds are a conservative visual estimate from sampled frames, not measured continuous steady/focused duration. Exact byte duplicate of SSD-0023 verified with SHA-256; keep separate file row but treat as same source for reuse. Long moving take."
SSD-0035,,Pets — Behavior & Emotion/dogs playing .MP4,2025-07-16,"Several dogs move between grass, patio and small pink pool.",play,12,own staff/home; signed waivers confirmed by Alex,0,,SSD,"duration=40.332s; stored_resolution=720x1280; fps=24000/1001; rotation=0; embedded_creation_time=2025-07-16T18:07:34.000000Z; contact_sheet=SSD-0035.jpg; sampled at 10%,35%,60%,85%. Usable seconds are a conservative visual estimate from sampled frames, not measured continuous steady/focused duration. Moving camera, sun glare and occasional soft framing."
SSD-0036,,Pets — Behavior & Emotion/Dogs_BlindDogOutdoor_15.MOV,2025-05-06,Small light-colored dog wears a purple harness with a circular front frame and is petted outdoors.,b roll,4,own staff/home; signed waivers confirmed by Alex,0,,SSD,"duration=9.610s; stored_resolution=1920x1080; fps=28800/961; rotation=-90; embedded_creation_time=2025-05-06T00:09:03.000000Z; contact_sheet=SSD-0036.jpg; sampled at 10%,35%,60%,85%. Usable seconds are a conservative visual estimate from sampled frames, not measured continuous steady/focused duration. Describe visible equipment only; health or disability not inferred from filename."
SSD-0037,,Pets — Behavior & Emotion/Dogs_ChihuahuaPoolIntro_01.MOV,2025-08-08,Small tan dog on shallow pool steps with nearby staff hands and legs.,b roll,6,own staff/home; signed waivers confirmed by Alex,0,,SSD,"duration=16.372s; stored_resolution=1920x1080; fps=294600/9823; rotation=0; embedded_creation_time=2025-08-08T15:11:34.000000Z; contact_sheet=SSD-0037.jpg; sampled at 10%,35%,60%,85%. Usable seconds are a conservative visual estimate from sampled frames, not measured continuous steady/focused duration. Top-down poolside handling; do not infer swimming skill or safety."
SSD-0038,,Pets — Behavior & Emotion/Dogs_DisabledPupOutdoor_09.MOV,2025-12-26,Small brown dog sits and moves on grass beside white fence and water.,b roll,4,own staff/home; signed waivers confirmed by Alex,0,,SSD,"duration=8.600s; stored_resolution=1920x1080; fps=154800/5161; rotation=-90; embedded_creation_time=2025-12-26T15:44:21.000000Z; contact_sheet=SSD-0038.jpg; sampled at 10%,35%,60%,85%. Usable seconds are a conservative visual estimate from sampled frames, not measured continuous steady/focused duration. No health condition inferred from filename."
SSD-0039,,Pets — Behavior & Emotion/Dogs_FrenchieSoccerBall_12.MOV,2025-05-04,Small dogs approach across lawn; a light-colored dog is petted close to camera.,play,4,own staff/home; signed waivers confirmed by Alex,0,,SSD,"duration=9.900s; stored_resolution=1920x1080; fps=178200/5941; rotation=-90; embedded_creation_time=2025-05-04T20:19:28.000000Z; contact_sheet=SSD-0039.jpg; sampled at 10%,35%,60%,85%. Usable seconds are a conservative visual estimate from sampled frames, not measured continuous steady/focused duration. Filename mentions ball but sampled frames do not establish ball play."
SSD-0040,,Pets — Behavior & Emotion/Dogs_FrenchiesPlayingTug_11.mov,2025-05-05,Several small dogs gather and interact on paved poolside patio.,play,3,own staff/home; signed waivers confirmed by Alex,0,,SSD,"duration=7.508s; stored_resolution=1920x1080; fps=3040/101; rotation=-90; embedded_creation_time=2025-05-05T05:45:51.000000Z; contact_sheet=SSD-0040.jpg; sampled at 10%,35%,60%,85%. Usable seconds are a conservative visual estimate from sampled frames, not measured continuous steady/focused duration. Temporal samples every 0.5s show dogs gathering and interacting; no clear tug toy action established."
SSD-0041,,Pets — Behavior & Emotion/Dogs_GroupRunningAroundPool_16.mov,2026-02-18,Several dogs move and run around paved poolside walkway; camera also shows fenced pool.,play,7,own staff/home; signed waivers confirmed by Alex,0,,SSD,"duration=43.765s; stored_resolution=1920x1080; fps=98475/3283; rotation=-90; embedded_creation_time=2026-02-18T16:08:52.000000Z; contact_sheet=SSD-0041.jpg; sampled at 10%,35%,60%,85%. Usable seconds are a conservative visual estimate from sampled frames, not measured continuous steady/focused duration. Temporal samples every 2s confirm dogs missed by four main samples; changing framing."
SSD-0042,,Pets — Behavior & Emotion/IMG_1088.MOV,2025-07-25,Brown and light-colored dogs move on patio; light-colored dog stands in small pink pool.,play,7,own staff/home; signed waivers confirmed by Alex,0,,SSD,"duration=20.002s; stored_resolution=1920x1080; fps=360000/12001; rotation=-90; embedded_creation_time=2025-07-25T16:53:47.000000Z; contact_sheet=SSD-0042.jpg; sampled at 10%,35%,60%,85%. Usable seconds are a conservative visual estimate from sampled frames, not measured continuous steady/focused duration. Changing camera framing."
SSD-0043,,Pets — Behavior & Emotion/IMG_1542.MOV,2026-03-22,Fenced swimming pool with surrounding paving and palms.,yard,7,own staff/home; signed waivers confirmed by Alex,0,,SSD,"duration=13.857s; stored_resolution=3840x2160; fps=249300/4157; rotation=-90; embedded_creation_time=2026-03-22T21:51:50.000000Z; contact_sheet=SSD-0043.jpg; sampled at 10%,35%,60%,85%. Usable seconds are a conservative visual estimate from sampled frames, not measured continuous steady/focused duration. No pet clearly visible in samples."
SSD-0044,,Pets — Behavior & Emotion/IMG_1549.MOV,2026-03-22,"Low wide view across grass toward house, palms and play structure.",yard,8,own staff/home; signed waivers confirmed by Alex,0,,SSD,"duration=21.085s; stored_resolution=3840x2160; fps=189600/3163; rotation=-90; embedded_creation_time=2026-03-22T21:57:24.000000Z; contact_sheet=SSD-0044.jpg; sampled at 10%,35%,60%,85%. Usable seconds are a conservative visual estimate from sampled frames, not measured continuous steady/focused duration. No pet clearly visible in samples."
SSD-0045,,Pets — Behavior & Emotion/IMG_1550.MOV,2026-03-22,Gray and white cats on furniture in a decorated indoor room.,b roll,7,own staff/home; signed waivers confirmed by Alex,0,,SSD,"duration=82.297s; stored_resolution=3840x2160; fps=2962200/49409; rotation=-90; embedded_creation_time=2026-03-22T22:02:07.000000Z; contact_sheet=SSD-0045.jpg; sampled at 10%,35%,60%,85%. Usable seconds are a conservative visual estimate from sampled frames, not measured continuous steady/focused duration. Long roaming camera take, close soft frame and substantial reframing."
SSD-0046,,Pets — Behavior & Emotion/IMG_1551.MOV,2026-03-22,White long-haired cat rests on raised indoor furniture in a decorated room.,b roll,6,own staff/home; signed waivers confirmed by Alex,0,,SSD,"duration=40.437s; stored_resolution=3840x2160; fps=727500/12131; rotation=-90; embedded_creation_time=2026-03-22T22:03:54.000000Z; contact_sheet=SSD-0046.jpg; sampled at 10%,35%,60%,85%. Usable seconds are a conservative visual estimate from sampled frames, not measured continuous steady/focused duration. Final sample is blurred; use earlier selected portions."
SSD-0047,,Pets — Behavior & Emotion/IMG_6019.MOV,2026-02-21,Small brown dog sniffs grass and leaves near hedge and fence.,b roll,4,own staff/home; signed waivers confirmed by Alex,0,,SSD,"duration=7.700s; stored_resolution=1920x1080; fps=30/1; rotation=-90; embedded_creation_time=2026-02-21T19:25:51.000000Z; contact_sheet=SSD-0047.jpg; sampled at 10%,35%,60%,85%. Usable seconds are a conservative visual estimate from sampled frames, not measured continuous steady/focused duration. Low camera view."
SSD-0048,,Pets — Behavior & Emotion/IMG_6020.MOV,2026-02-21,Small brown-and-white dog approaches low camera from patio until face fills frame.,dog close up,3,own staff/home; signed waivers confirmed by Alex,0,,SSD,"duration=7.067s; stored_resolution=1920x1080; fps=30/1; rotation=-90; embedded_creation_time=2026-02-21T19:26:08.000000Z; contact_sheet=SSD-0048.jpg; sampled at 10%,35%,60%,85%. Usable seconds are a conservative visual estimate from sampled frames, not measured continuous steady/focused duration. Final very close view; inspect focus on selected portion."
SSD-0049,,Pets — Behavior & Emotion/IMG_6021.mov,2026-02-21,Two small dogs run past a yard shed toward camera.,play,1,own staff/home; signed waivers confirmed by Alex,0,,SSD,"duration=2.632s; stored_resolution=1920x1080; fps=47400/1579; rotation=-90; embedded_creation_time=2026-02-21T20:10:05.000000Z; contact_sheet=SSD-0049.jpg; sampled at 10%,35%,60%,85%. Usable seconds are a conservative visual estimate from sampled frames, not measured continuous steady/focused duration. Very short clip; usable duration is limited."
SSD-0050,,Pets — Behavior & Emotion/IMG_6022.MOV,2026-02-21,Small brown dog with pink collar approaches camera and is petted on grass.,dog close up,1,own staff/home; signed waivers confirmed by Alex,0,,SSD,"duration=3.800s; stored_resolution=1920x1080; fps=30/1; rotation=-90; embedded_creation_time=2026-02-21T19:26:51.000000Z; contact_sheet=SSD-0050.jpg; sampled at 10%,35%,60%,85%. Usable seconds are a conservative visual estimate from sampled frames, not measured continuous steady/focused duration. Very close moving framing."
SSD-0051,,Pets — Behavior & Emotion/IMG_6023.MOV,2026-02-21,"Camera moves from trees toward patio chairs, pool fence and house.",yard,3,own staff/home; signed waivers confirmed by Alex,0,,SSD,"duration=10.700s; stored_resolution=1920x1080; fps=192600/6421; rotation=-90; embedded_creation_time=2026-02-21T19:27:31.000000Z; contact_sheet=SSD-0051.jpg; sampled at 10%,35%,60%,85%. Usable seconds are a conservative visual estimate from sampled frames, not measured continuous steady/focused duration. Soft framing and sun glare; no dog clearly visible in samples."
SSD-0052,,Pets — Behavior & Emotion/IMG_6024.MOV,2026-02-21,Small brown dogs move across lawn near shed.,play,2,own staff/home; signed waivers confirmed by Alex,0,,SSD,"duration=5.600s; stored_resolution=1920x1080; fps=30/1; rotation=-90; embedded_creation_time=2026-02-21T19:29:35.000000Z; contact_sheet=SSD-0052.jpg; sampled at 10%,35%,60%,85%. Usable seconds are a conservative visual estimate from sampled frames, not measured continuous steady/focused duration. Short moving shot."
SSD-0053,,Pets — Behavior & Emotion/Pets_KittenExploringRoom_07.MOV,2025-12-17,Tabby cat walks and sits among pillows on indoor bedding.,b roll,8,own staff/home; signed waivers confirmed by Alex,0,,SSD,"duration=19.568s; stored_resolution=1920x1080; fps=352200/11741; rotation=-90; embedded_creation_time=2025-12-17T23:42:54.000000Z; contact_sheet=SSD-0053.jpg; sampled at 10%,35%,60%,85%. Usable seconds are a conservative visual estimate from sampled frames, not measured continuous steady/focused duration. Cat remains the primary subject."
SSD-0054,,Client Moments/20260322_C0086.MP4,2026-03-22,Staff member walks a leashed black-and-white dog along covered entry path toward camera.,b roll,3,own staff/home; signed waivers confirmed by Alex,0,,SSD,"duration=9.009s; stored_resolution=3840x2160; fps=30000/1001; rotation=90; embedded_creation_time=2026-03-22T10:23:27.000000Z; contact_sheet=SSD-0054.jpg; sampled at 10%,35%,60%,85%. Usable seconds are a conservative visual estimate from sampled frames, not measured continuous steady/focused duration. Arrival direction visible but purpose is not independently confirmed."
SSD-0055,,Client Moments/20260322_C0087.MP4,2026-03-22,Staff member and leashed dog on entry path with sideways camera framing.,b roll,3,own staff/home; signed waivers confirmed by Alex,0,,SSD,"duration=13.013s; stored_resolution=3840x2160; fps=30000/1001; rotation=0; embedded_creation_time=2026-03-22T10:23:52.000000Z; contact_sheet=SSD-0055.jpg; sampled at 10%,35%,60%,85%. Usable seconds are a conservative visual estimate from sampled frames, not measured continuous steady/focused duration. Temporal samples every 0.5s show useful approach around 1.5 to 6s after rotation; feet and ground dominate after 7s. Conservative estimate, not continuous sharpness proof."
SSD-0056,,Client Moments/20260322_C0089.MP4,2026-03-22,Staff member and leashed dog approach through covered entryway.,b roll,2,own staff/home; signed waivers confirmed by Alex,0,,SSD,"duration=7.508s; stored_resolution=3840x2160; fps=30000/1001; rotation=90; embedded_creation_time=2026-03-22T10:24:29.000000Z; contact_sheet=SSD-0056.jpg; sampled at 10%,35%,60%,85%. Usable seconds are a conservative visual estimate from sampled frames, not measured continuous steady/focused duration. Last sample is mostly obscured by nearby object."
SSD-0057,,Client Moments/20260322_C0090.MP4,2026-03-22,Staff member brings a leashed dog through entry toward other staff inside.,b roll,2,own staff/home; signed waivers confirmed by Alex,0,,SSD,"duration=7.508s; stored_resolution=3840x2160; fps=30000/1001; rotation=90; embedded_creation_time=2026-03-22T10:25:00.000000Z; contact_sheet=SSD-0057.jpg; sampled at 10%,35%,60%,85%. Usable seconds are a conservative visual estimate from sampled frames, not measured continuous steady/focused duration. Middle sample is obstructed by close body; avoid obstructed portion."
SSD-0058,,Client Moments/20260322_C0092.MP4,2026-03-22,Staff member crouches indoors and greets a black-and-white dog.,b roll,7,own staff/home; signed waivers confirmed by Alex,0,,SSD,"duration=19.019s; stored_resolution=3840x2160; fps=30000/1001; rotation=90; embedded_creation_time=2026-03-22T10:25:33.000000Z; contact_sheet=SSD-0058.jpg; sampled at 10%,35%,60%,85%. Usable seconds are a conservative visual estimate from sampled frames, not measured continuous steady/focused duration. Another person is in background; all people staff per Alex."
SSD-0059,,Facility & Environment/20260322_C0082.MP4,2026-03-22,"Sunny lawn with mature tree, fence and storage shed.",yard,3,own staff/home; signed waivers confirmed by Alex,0,,SSD,"duration=6.006s; stored_resolution=3840x2160; fps=30000/1001; rotation=90; embedded_creation_time=2026-03-22T10:18:40.000000Z; contact_sheet=SSD-0059.jpg; sampled at 10%,35%,60%,85%. Usable seconds are a conservative visual estimate from sampled frames, not measured continuous steady/focused duration. Outdoor establishing view."
SSD-0060,,Facility & Environment/20260322_C0083.MP4,2026-03-22,Grassy yard edge with leafy hedge and blue sky.,yard,1,own staff/home; signed waivers confirmed by Alex,0,,SSD,"duration=3.003s; stored_resolution=3840x2160; fps=30000/1001; rotation=90; embedded_creation_time=2026-03-22T10:19:15.000000Z; contact_sheet=SSD-0060.jpg; sampled at 10%,35%,60%,85%. Usable seconds are a conservative visual estimate from sampled frames, not measured continuous steady/focused duration. Short outdoor establishing view."
SSD-0061,,Facility & Environment/20260322_C0084.MP4,2026-03-22,Staff member walks a dog toward house front entrance.,b roll,3,own staff/home; signed waivers confirmed by Alex,0,,SSD,"duration=8.008s; stored_resolution=3840x2160; fps=30000/1001; rotation=90; embedded_creation_time=2026-03-22T10:22:32.000000Z; contact_sheet=SSD-0061.jpg; sampled at 10%,35%,60%,85%. Usable seconds are a conservative visual estimate from sampled frames, not measured continuous steady/focused duration. Exterior and entry path visible."
SSD-0062,,Facility & Environment/20260322_C0085.MP4,2026-03-22,Staff member with leashed dog walks up covered entry path to front door.,b roll,3,own staff/home; signed waivers confirmed by Alex,0,,SSD,"duration=8.008s; stored_resolution=3840x2160; fps=30000/1001; rotation=90; embedded_creation_time=2026-03-22T10:23:06.000000Z; contact_sheet=SSD-0062.jpg; sampled at 10%,35%,60%,85%. Usable seconds are a conservative visual estimate from sampled frames, not measured continuous steady/focused duration. Closer entry view."
SSD-0063,,Human-Dog Interaction/20260322_C0088.MP4,2026-03-22,Black-and-white dog on leash stands beside flowers along entry path.,dog close up,2,own staff/home; signed waivers confirmed by Alex,0,,SSD,"duration=5.505s; stored_resolution=3840x2160; fps=30000/1001; rotation=90; embedded_creation_time=2026-03-22T10:24:14.000000Z; contact_sheet=SSD-0063.jpg; sampled at 10%,35%,60%,85%. Usable seconds are a conservative visual estimate from sampled frames, not measured continuous steady/focused duration. Dog approaches lens in later sample."
SSD-0064,,Human-Dog Interaction/20260322_C0104.MP4,2026-03-22,Light-colored dog moves across grassy yard among trees.,play,10,own staff/home; signed waivers confirmed by Alex,0,,SSD,"duration=77.578s; stored_resolution=3840x2160; fps=60000/1001; rotation=90; embedded_creation_time=2026-03-22T10:37:49.000000Z; contact_sheet=SSD-0064.jpg; sampled at 10%,35%,60%,85%. Usable seconds are a conservative visual estimate from sampled frames, not measured continuous steady/focused duration. Long moving camera take with glare; distant dog in several samples."
SSD-0065,,Human-Dog Interaction/20260322_C0105.MP4,2026-03-22,Light-colored dog approaches low camera near a water bowl and staff legs.,dog close up,5,own staff/home; signed waivers confirmed by Alex,0,,SSD,"duration=25.526s; stored_resolution=3840x2160; fps=60000/1001; rotation=90; embedded_creation_time=2026-03-22T10:39:30.000000Z; contact_sheet=SSD-0065.jpg; sampled at 10%,35%,60%,85%. Usable seconds are a conservative visual estimate from sampled frames, not measured continuous steady/focused duration. Large reframing and very close dog at lens."
SSD-0066,,Human-Dog Interaction/20260322_C0106.MP4,2026-03-22,Staff member interacts with light-colored and darker dogs in grassy yard.,play,10,own staff/home; signed waivers confirmed by Alex,0,,SSD,"duration=49.049s; stored_resolution=3840x2160; fps=60000/1001; rotation=90; embedded_creation_time=2026-03-22T10:40:00.000000Z; contact_sheet=SSD-0066.jpg; sampled at 10%,35%,60%,85%. Usable seconds are a conservative visual estimate from sampled frames, not measured continuous steady/focused duration. Long outdoor take with backlight and camera movement."
SSD-0067,,Human-Dog Interaction/20260322_C0107.MP4,2026-03-22,Staff members and dogs interact beside a shed in sunny grassy yard.,play,3,own staff/home; signed waivers confirmed by Alex,0,,SSD,"duration=6.006s; stored_resolution=3840x2160; fps=60000/1001; rotation=90; embedded_creation_time=2026-03-22T10:40:52.000000Z; contact_sheet=SSD-0067.jpg; sampled at 10%,35%,60%,85%. Usable seconds are a conservative visual estimate from sampled frames, not measured continuous steady/focused duration. Wide backlit shot."
SSD-0068,,Human-Dog Interaction/20260322_C0108.MP4,2026-03-22,Dogs move away from camera across lawn toward staff; water bowl near path.,play,2,own staff/home; signed waivers confirmed by Alex,0,,SSD,"duration=5.505s; stored_resolution=3840x2160; fps=60000/1001; rotation=90; embedded_creation_time=2026-03-22T10:42:06.000000Z; contact_sheet=SSD-0068.jpg; sampled at 10%,35%,60%,85%. Usable seconds are a conservative visual estimate from sampled frames, not measured continuous steady/focused duration. Strong camera tilt and reframing."
SSD-0069,,Human-Dog Interaction/20260322_C0109.MP4,2026-03-22,Staff member crouches and pets a light-colored dog in grassy yard.,b roll,6,own staff/home; signed waivers confirmed by Alex,0,,SSD,"duration=15.515s; stored_resolution=3840x2160; fps=60000/1001; rotation=90; embedded_creation_time=2026-03-22T10:42:24.000000Z; contact_sheet=SSD-0069.jpg; sampled at 10%,35%,60%,85%. Usable seconds are a conservative visual estimate from sampled frames, not measured continuous steady/focused duration. Final sample reframes away from subject."
SSD-0070,,Human-Dog Interaction/20260322_C0112.MP4,2026-03-22,Light-colored dog passes close to camera on patio beside staff and potted plants.,b roll,2,own staff/home; signed waivers confirmed by Alex,0,,SSD,"duration=5.005s; stored_resolution=3840x2160; fps=60000/1001; rotation=90; embedded_creation_time=2026-03-22T10:49:41.000000Z; contact_sheet=SSD-0070.jpg; sampled at 10%,35%,60%,85%. Usable seconds are a conservative visual estimate from sampled frames, not measured continuous steady/focused duration. Close moving subject."
SSD-0071,,Pets — Behavior & Emotion/20260322_C0113.MP4,2026-03-22,Gray cat stands on indoor windowsill and approaches camera.,b roll,5,own staff/home; signed waivers confirmed by Alex,0,,SSD,"duration=17.517s; stored_resolution=3840x2160; fps=60000/1001; rotation=90; embedded_creation_time=2026-03-22T10:55:47.000000Z; contact_sheet=SSD-0071.jpg; sampled at 10%,35%,60%,85%. Usable seconds are a conservative visual estimate from sampled frames, not measured continuous steady/focused duration. Several samples are too close for sharp whole-face framing."
SSD-0072,,Pets — Behavior & Emotion/20260322_C0114.MP4,2026-03-22,Gray and white cats on indoor furniture; camera pans across room toward window.,b roll,5,own staff/home; signed waivers confirmed by Alex,0,,SSD,"duration=19.019s; stored_resolution=3840x2160; fps=60000/1001; rotation=90; embedded_creation_time=2026-03-22T10:56:12.000000Z; contact_sheet=SSD-0072.jpg; sampled at 10%,35%,60%,85%. Usable seconds are a conservative visual estimate from sampled frames, not measured continuous steady/focused duration. Mixed subjects and room details."
SSD-0073,,Services & Upsells/20260322_C0094.MP4,2026-03-22,Person in pink shirt holds and pets a black rabbit on purple blanket on sofa.,b roll,5,own staff/home; signed waivers confirmed by Alex,0,,SSD,"duration=16.016s; stored_resolution=3840x2160; fps=30000/1001; rotation=90; embedded_creation_time=2026-03-22T10:28:49.000000Z; contact_sheet=SSD-0073.jpg; sampled at 10%,35%,60%,85%. Usable seconds are a conservative visual estimate from sampled frames, not measured continuous steady/focused duration. Own staff/home context and waiver confirmation supplied by Alex; camera reframes away briefly."
SSD-0074,,Services & Upsells/20260322_C0095.MP4,2026-03-22,Person in pink shirt pets a black rabbit on a blanket while seated on sofa.,b roll,2,own staff/home; signed waivers confirmed by Alex,0,,SSD,"duration=5.005s; stored_resolution=3840x2160; fps=30000/1001; rotation=90; embedded_creation_time=2026-03-22T10:29:08.000000Z; contact_sheet=SSD-0074.jpg; sampled at 10%,35%,60%,85%. Usable seconds are a conservative visual estimate from sampled frames, not measured continuous steady/focused duration. Own staff/home context and waiver confirmation supplied by Alex."
SSD-0075,,Services & Upsells/20260322_C0096.MP4,2026-03-22,Person in pink shirt holds and pets a black rabbit on sofa.,b roll,8,own staff/home; signed waivers confirmed by Alex,0,,SSD,"duration=27.527s; stored_resolution=3840x2160; fps=30000/1001; rotation=90; embedded_creation_time=2026-03-22T10:29:26.000000Z; contact_sheet=SSD-0075.jpg; sampled at 10%,35%,60%,85%. Usable seconds are a conservative visual estimate from sampled frames, not measured continuous steady/focused duration. Own staff/home context and waiver confirmation supplied by Alex; close and wider views."
SSD-0076,,Services & Upsells/20260322_C0097.MP4,2026-03-22,Black rabbit explores light-colored sofa cushions.,b roll,8,own staff/home; signed waivers confirmed by Alex,0,,SSD,"duration=52.052s; stored_resolution=3840x2160; fps=30000/1001; rotation=0; embedded_creation_time=2026-03-22T10:30:36.000000Z; contact_sheet=SSD-0076.jpg; sampled at 10%,35%,60%,85%. Usable seconds are a conservative visual estimate from sampled frames, not measured continuous steady/focused duration. Sideways framing and one empty-sofa sample; rotation needed in edit."
SSD-0077,,Services & Upsells/20260322_C0098.MP4,2026-03-22,Hands prepare a metal pet-food bowl beside canned food on counter.,feeding,1,own staff/home; signed waivers confirmed by Alex,0,,SSD,"duration=2.502s; stored_resolution=3840x2160; fps=60000/1001; rotation=90; embedded_creation_time=2026-03-22T10:33:49.000000Z; contact_sheet=SSD-0077.jpg; sampled at 10%,35%,60%,85%. Usable seconds are a conservative visual estimate from sampled frames, not measured continuous steady/focused duration. Temporal samples every 0.25s show bowl preparation in first 1.5s; camera moves away and darkens after 1.75s. Conservative 1s estimate."
SSD-0078,,Services & Upsells/20260322_C0099.MP4,2026-03-22,Hands spoon wet pet food from a can into metal bowl.,feeding,9,own staff/home; signed waivers confirmed by Alex,0,,SSD,"duration=20.020s; stored_resolution=3840x2160; fps=60000/1001; rotation=90; embedded_creation_time=2026-03-22T10:34:16.000000Z; contact_sheet=SSD-0078.jpg; sampled at 10%,35%,60%,85%. Usable seconds are a conservative visual estimate from sampled frames, not measured continuous steady/focused duration. Close food preparation shot."
SSD-0079,,Services & Upsells/20260322_C0100.MP4,2026-03-22,Hands mix wet food and kibble in metal bowl on counter.,feeding,12,own staff/home; signed waivers confirmed by Alex,0,,SSD,"duration=29.529s; stored_resolution=3840x2160; fps=60000/1001; rotation=90; embedded_creation_time=2026-03-22T10:34:43.000000Z; contact_sheet=SSD-0079.jpg; sampled at 10%,35%,60%,85%. Usable seconds are a conservative visual estimate from sampled frames, not measured continuous steady/focused duration. Close food preparation shot."
SSD-0080,,Services & Upsells/20260322_C0102.MP4,2026-03-22,Light-colored dog eats from metal bowl on grass beside staff legs.,feeding,8,own staff/home; signed waivers confirmed by Alex,0,,SSD,"duration=35.535s; stored_resolution=3840x2160; fps=60000/1001; rotation=90; embedded_creation_time=2026-03-22T10:36:46.000000Z; contact_sheet=SSD-0080.jpg; sampled at 10%,35%,60%,85%. Usable seconds are a conservative visual estimate from sampled frames, not measured continuous steady/focused duration. Very close moving view; some bright fur detail clipped."
SSD-0081,,Services & Upsells/20260322_C0103.MP4,2026-03-22,Light-colored dog eats from bowl on grass near play structure.,feeding,1,own staff/home; signed waivers confirmed by Alex,0,,SSD,"duration=3.003s; stored_resolution=3840x2160; fps=60000/1001; rotation=90; embedded_creation_time=2026-03-22T10:37:25.000000Z; contact_sheet=SSD-0081.jpg; sampled at 10%,35%,60%,85%. Usable seconds are a conservative visual estimate from sampled frames, not measured continuous steady/focused duration. Short take with camera rotation at end."
